{"stats":{"minecraft:picked_up":{"minecraft:crafting_table":4,"minecraft:feather":1,"minecraft:clay_ball":16,"minecraft:golden_leggings":1,"minecraft:filled_map":1,"minecraft:paper":2,"minecraft:moss_carpet":8,"minecraft:bone":1,"minecraft:wheat_seeds":3,"minecraft:gold_nugget":16,"minecraft:raw_gold":2,"minecraft:spruce_planks":45,"minecraft:stone_pickaxe":1,"minecraft:azalea":2,"minecraft:iron_pickaxe":1,"minecraft:moss_block":12,"minecraft:flowering_azalea":3,"minecraft:furnace":2,"minecraft:stick":2,"minecraft:raw_iron":4,"minecraft:porkchop":4,"minecraft:spruce_sapling":8,"minecraft:spruce_log":12,"minecraft:stone_shovel":1,"minecraft:spruce_boat":3,"minecraft:bread":4,"minecraft:emerald":6,"minecraft:obsidian":1,"minecraft:coal":19,"minecraft:cobblestone":32},"minecraft:dropped":{"minecraft:bread":8},"minecraft:used":{"minecraft:stone_sword":17,"minecraft:stone_shovel":12,"minecraft:stone_pickaxe":28,"minecraft:spruce_planks":9,"minecraft:wooden_pickaxe":22,"minecraft:crafting_table":5,"minecraft:spruce_boat":3,"minecraft:bread":3,"minecraft:suspicious_stew":1,"minecraft:stone_axe":15,"minecraft:furnace":2,"minecraft:cooked_porkchop":2},"minecraft:crafted":{"minecraft:stone_shovel":1,"minecraft:cooked_porkchop":2,"minecraft:crafting_table":2,"minecraft:spruce_planks":48,"minecraft:wooden_pickaxe":1,"minecraft:spruce_door":3,"minecraft:furnace":1,"minecraft:stone_axe":1,"minecraft:bread":7,"minecraft:air":0,"minecraft:shield":1,"minecraft:stick":16,"minecraft:iron_ingot":4,"minecraft:iron_pickaxe":1,"minecraft:stone_pickaxe":1,"minecraft:stone_sword":1,"minecraft:spruce_boat":1},"minecraft:custom":{"minecraft:interact_with_furnace":12,"minecraft:mob_kills":4,"minecraft:interact_with_crafting_table":10,"minecraft:leave_game":1,"minecraft:time_since_death":33130,"minecraft:time_since_rest":33130,"minecraft:sprint_one_cm":59313,"minecraft:damage_taken":492,"minecraft:walk_one_cm":32611,"minecraft:drop":2,"minecraft:damage_dealt":593,"minecraft:swim_one_cm":16057,"minecraft:fly_one_cm":67059,"minecraft:open_chest":4,"minecraft:crouch_one_cm":7696,"minecraft:play_time":33130,"minecraft:sneak_time":2520,"minecraft:walk_under_water_one_cm":4194,"minecraft:boat_one_cm":146255,"minecraft:jump":343,"minecraft:walk_on_water_one_cm":5488,"minecraft:total_world_time":33130,"minecraft:fall_one_cm":10705},"minecraft:killed":{"minecraft:pig":2,"minecraft:skeleton":1},"minecraft:mined":{"minecraft:flowering_azalea":3,"minecraft:spruce_planks":3,"minecraft:clay":2,"minecraft:crafting_table":4,"minecraft:grass_block":1,"minecraft:moss_block":7,"minecraft:furnace":1,"minecraft:spruce_log":13,"minecraft:grass":4,"minecraft:coal_ore":17,"minecraft:deepslate_iron_ore":4,"minecraft:azalea":2,"minecraft:stone":26,"minecraft:fern":2}},"DataVersion":3120}