{"stats":{"minecraft:picked_up":{"minecraft:stick":1,"minecraft:crafting_table":1,"minecraft:porkchop":5,"minecraft:spruce_sapling":6,"minecraft:spruce_log":31,"minecraft:dirt":2,"minecraft:moss_carpet":5,"minecraft:wheat_seeds":2,"minecraft:spruce_boat":3,"minecraft:raw_gold":1,"minecraft:spruce_planks":2,"minecraft:bread":4,"minecraft:moss_block":3,"minecraft:sugar_cane":2,"minecraft:coal":1,"minecraft:cobblestone":15},"minecraft:dropped":{"minecraft:fire_charge":1,"minecraft:wooden_pickaxe":1},"minecraft:used":{"minecraft:spruce_boat":4,"minecraft:bread":4,"minecraft:stone_shovel":3,"minecraft:stone_pickaxe":3,"minecraft:iron_pickaxe":2,"minecraft:spruce_planks":33,"minecraft:wooden_pickaxe":15,"minecraft:stone_axe":13,"minecraft:golden_sword":15,"minecraft:dirt":2,"minecraft:crafting_table":1,"minecraft:porkchop":5,"minecraft:cooked_porkchop":2},"minecraft:crafted":{"minecraft:stone_shovel":1,"minecraft:cooked_porkchop":2,"minecraft:spruce_planks":88,"minecraft:stick":12,"minecraft:iron_pickaxe":1,"minecraft:wooden_pickaxe":1,"minecraft:stone_pickaxe":1,"minecraft:stone_sword":1,"minecraft:spruce_boat":1,"minecraft:stone_axe":1,"minecraft:air":0},"minecraft:custom":{"minecraft:time_since_rest":10032,"minecraft:interact_with_furnace":3,"minecraft:sprint_one_cm":124836,"minecraft:damage_taken":570,"minecraft:walk_one_cm":55227,"minecraft:mob_kills":2,"minecraft:drop":2,"minecraft:damage_dealt":817,"minecraft:swim_one_cm":21146,"minecraft:interact_with_crafting_table":4,"minecraft:fly_one_cm":58716,"minecraft:open_chest":18,"minecraft:crouch_one_cm":5098,"minecraft:play_time":32713,"minecraft:deaths":1,"minecraft:sneak_time":1968,"minecraft:walk_under_water_one_cm":7191,"minecraft:boat_one_cm":116505,"minecraft:jump":469,"minecraft:walk_on_water_one_cm":4674,"minecraft:time_since_death":9868,"minecraft:climb_one_cm":90,"minecraft:total_world_time":32713,"minecraft:fall_one_cm":12815},"minecraft:killed":{"minecraft:pig":2},"minecraft:mined":{"minecraft:spruce_planks":1,"minecraft:furnace":1,"minecraft:spruce_log":30,"minecraft:clay":2,"minecraft:crafting_table":1,"minecraft:grass":1,"minecraft:coal_ore":1,"minecraft:dirt":1,"minecraft:deepslate_gold_ore":2,"minecraft:spruce_leaves":28,"minecraft:stone":15,"minecraft:moss_block":5}},"DataVersion":3120}